Model,Season,R²,RMSE,MAE
Linear Regression (B),Winter,-1.4912247979271007,10.23419547727276,6.430552056186548
Linear Regression (B),Spring,0.293545004534453,26.234671433140598,13.723978986407916
