Model,Season,R²,RMSE,MAE
Linear Regression (A),Combined,0.22573622704237295,32.19272758344514,12.61785245916294
Ridge (A),Combined,0.13243561534366943,34.07722033544616,13.574408175126381
Lasso (A),Combined,0.06097102175297453,35.452984612443935,14.278567474134354
