Model,Season,R²,RMSE,MAE
Linear Regression (B),Winter,-1.4912247979271007,10.23419547727276,6.430552056186548
Linear Regression (B),Spring,0.293545004534453,26.2346714331406,13.723978986407916
Linear Regression (A),Combined,0.2257362270423729,32.19272758344514,12.61785245916294
Ridge (A),Combined,0.1324356153436694,34.07722033544616,13.57440817512638
Lasso (A),Combined,0.0609710217529745,35.452984612443935,14.278567474134354
